fold,mse,mae,r2
1,0.11248297671843474,0.09124839010260734,0.985471516044878
2,0.1075422558536927,0.09968572960862507,0.9881189207527237
3,0.05894880069121998,0.07666170913215109,0.9928247288828433
4,0.14979339190873026,0.1968894333807856,0.9919917561841858
5,0.0919618490144324,0.18849746805055753,0.9956133470576296
